{
  "Activity_GET" : {
    "transaction" : "Activity_GET",
    "sampleCount" : 100,
    "errorCount" : 0,
    "errorPct" : 0.0,
    "meanResTime" : 185.61999999999998,
    "medianResTime" : 154.0,
    "minResTime" : 139.0,
    "maxResTime" : 510.0,
    "pct1ResTime" : 425.7000000000015,
    "pct2ResTime" : 475.39999999999986,
    "pct3ResTime" : 509.8499999999999,
    "throughput" : 0.16830171785563416,
    "receivedKBytesPerSec" : 0.08231498960316137,
    "sentKBytesPerSec" : 0.07396071585452672
  },
  "UC_00_BoredAPI_Open" : {
    "transaction" : "UC_00_BoredAPI_Open",
    "sampleCount" : 1,
    "errorCount" : 0,
    "errorPct" : 0.0,
    "meanResTime" : 949.0,
    "medianResTime" : 949.0,
    "minResTime" : 949.0,
    "maxResTime" : 949.0,
    "pct1ResTime" : 949.0,
    "pct2ResTime" : 949.0,
    "pct3ResTime" : 949.0,
    "throughput" : 1.053740779768177,
    "receivedKBytesPerSec" : 1.0568279109589043,
    "sentKBytesPerSec" : 0.5268703898840885
  },
  "Total" : {
    "transaction" : "Total",
    "sampleCount" : 101,
    "errorCount" : 0,
    "errorPct" : 0.0,
    "meanResTime" : 193.17821782178228,
    "medianResTime" : 154.0,
    "minResTime" : 139.0,
    "maxResTime" : 949.0,
    "pct1ResTime" : 456.79999999999995,
    "pct2ResTime" : 477.79999999999995,
    "pct3ResTime" : 940.2200000000017,
    "throughput" : 0.1697008392630615,
    "receivedKBytesPerSec" : 0.08386264208244773,
    "sentKBytesPerSec" : 0.07467729537187168
  },
  "UC_01_BoredAPI_ActivityGet" : {
    "transaction" : "UC_01_BoredAPI_ActivityGet",
    "sampleCount" : 101,
    "errorCount" : 0,
    "errorPct" : 0.0,
    "meanResTime" : 183.78217821782175,
    "medianResTime" : 154.0,
    "minResTime" : 0.0,
    "maxResTime" : 510.0,
    "pct1ResTime" : 399.39999999999924,
    "pct2ResTime" : 474.7999999999999,
    "pct3ResTime" : 509.70000000000005,
    "throughput" : 0.16998416286165813,
    "receivedKBytesPerSec" : 0.08231471252901092,
    "sentKBytesPerSec" : 0.07396046690105407
  },
  "Open" : {
    "transaction" : "Open",
    "sampleCount" : 1,
    "errorCount" : 0,
    "errorPct" : 0.0,
    "meanResTime" : 949.0,
    "medianResTime" : 949.0,
    "minResTime" : 949.0,
    "maxResTime" : 949.0,
    "pct1ResTime" : 949.0,
    "pct2ResTime" : 949.0,
    "pct3ResTime" : 949.0,
    "throughput" : 1.053740779768177,
    "receivedKBytesPerSec" : 1.0568279109589043,
    "sentKBytesPerSec" : 0.5268703898840885
  }
}