{
  "Open_CatFact" : {
    "transaction" : "Open_CatFact",
    "sampleCount" : 1,
    "errorCount" : 0,
    "errorPct" : 0.0,
    "meanResTime" : 969.0,
    "medianResTime" : 969.0,
    "minResTime" : 969.0,
    "maxResTime" : 969.0,
    "pct1ResTime" : 969.0,
    "pct2ResTime" : 969.0,
    "pct3ResTime" : 969.0,
    "throughput" : 1.0319917440660473,
    "receivedKBytesPerSec" : 1.3161925954592364,
    "sentKBytesPerSec" : 0.5099490454076367
  },
  "UC_01_CatFact" : {
    "transaction" : "UC_01_CatFact",
    "sampleCount" : 147,
    "errorCount" : 0,
    "errorPct" : 0.0,
    "meanResTime" : 611.5170068027211,
    "medianResTime" : 567.0,
    "minResTime" : 514.0,
    "maxResTime" : 1784.0,
    "pct1ResTime" : 652.2,
    "pct2ResTime" : 947.1999999999998,
    "pct3ResTime" : 1698.5600000000018,
    "throughput" : 0.27858109362977895,
    "receivedKBytesPerSec" : 1.2778367893813225,
    "sentKBytesPerSec" : 0.6323835982301573
  },
  "UC_01_01_CatFact_Breeds_Get" : {
    "transaction" : "UC_01_01_CatFact_Breeds_Get",
    "sampleCount" : 151,
    "errorCount" : 0,
    "errorPct" : 0.0,
    "meanResTime" : 451.6887417218543,
    "medianResTime" : 419.0,
    "minResTime" : 382.0,
    "maxResTime" : 1658.0,
    "pct1ResTime" : 481.8,
    "pct2ResTime" : 551.8000000000002,
    "pct3ResTime" : 1557.119999999998,
    "throughput" : 0.2794076557697681,
    "receivedKBytesPerSec" : 0.9017991233584801,
    "sentKBytesPerSec" : 0.31303256301937904
  },
  "Total" : {
    "transaction" : "Total",
    "sampleCount" : 303,
    "errorCount" : 0,
    "errorPct" : 0.0,
    "meanResTime" : 308.8349834983498,
    "medianResTime" : 391.0,
    "minResTime" : 126.0,
    "maxResTime" : 1658.0,
    "pct1ResTime" : 461.0,
    "pct2ResTime" : 502.4000000000001,
    "pct3ResTime" : 996.8399999999995,
    "throughput" : 0.5534489183087478,
    "receivedKBytesPerSec" : 1.2674428308272874,
    "sentKBytesPerSec" : 0.6272089295923474
  },
  "UC_00_Open" : {
    "transaction" : "UC_00_Open",
    "sampleCount" : 1,
    "errorCount" : 0,
    "errorPct" : 0.0,
    "meanResTime" : 969.0,
    "medianResTime" : 969.0,
    "minResTime" : 969.0,
    "maxResTime" : 969.0,
    "pct1ResTime" : 969.0,
    "pct2ResTime" : 969.0,
    "pct3ResTime" : 969.0,
    "throughput" : 1.0319917440660473,
    "receivedKBytesPerSec" : 1.3161925954592364,
    "sentKBytesPerSec" : 0.5099490454076367
  },
  "UC_01_02_CatFact_Fact_Get" : {
    "transaction" : "UC_01_02_CatFact_Fact_Get",
    "sampleCount" : 151,
    "errorCount" : 0,
    "errorPct" : 0.0,
    "meanResTime" : 161.60927152317888,
    "medianResTime" : 146.0,
    "minResTime" : 126.0,
    "maxResTime" : 585.0,
    "pct1ResTime" : 172.60000000000002,
    "pct2ResTime" : 213.40000000000018,
    "pct3ResTime" : 547.0399999999993,
    "throughput" : 0.27939111240218995,
    "receivedKBytesPerSec" : 0.37978825888917056,
    "sentKBytesPerSec" : 0.3214215647613796
  }
}